<?xml version="1.0" encoding="UTF-8"?>
<addon id="resource.uisounds.tivo" version="1.0.0" name="TiVo UI Sounds" provider-name="SgtGray">
  <requires>
    <import addon="kodi.resource" version="1.0.0"/>
  </requires>
  <extension point="kodi.resource.uisounds"/>
  <extension point="kodi.addon.metadata">
    <summary lang="en">TiVo GUI Sounds</summary>
    <description lang="en">GUI sounds from early TiVo devices. All rights, sounds, and images belongs to TiVo Corp. This sound pack is provided free of charge for fellow fans of TiVo. Please support TiVo. Thanks in advance for not suing me.</description>
    <platform>all</platform>
    <license>Apache License, Version 2.0</license>
  </extension>
</addon>
