<?xml version="1.0" encoding="UTF-8"?>
<!-- This file contains the mapping of actions to sounds                    -->

<!-- The <actions> section contains global mapping                          -->

<!-- To map a action to a sound, add a block like this to <actions>:        -->
<!--    <action>                                                            -->
<!--      <name>left</name>                                                 -->
<!--      <file>cursor.wav</file>                                           -->
<!--    </action>                                                           -->
<!-- Where <name> specifies the action to map a sound to and <file> the wav -->
<!-- file to play when the action occurs.                                   -->

<!-- Also window specific sound can be played                               -->

<!-- To map a sound to a window, add a block like this to <windows>:        -->
<!--    <window>                                                            -->
<!--      <name>infodialog</name>                                           -->
<!--      <activate>notify.wav</activate>                                   -->
<!--      <deactivate>out.wav</deactivate>                                  -->
<!--    </window>                                                           -->
<!-- Where <name> specifies the window to map a sound to                    -->
<!-- <activate> and <deactivate> are the events a sound can be mapped to    -->
<!-- by setting the file to play.                                           -->

<!-- Note: Only wav files are supported                                     -->

<sounds>
  <actions>
  
  <!--Back-->
    <action>
      <name>previousmenu</name>
      <file>back.wav</file>
    </action>
    <action>
      <name>parentdir</name>
      <file>back.wav</file>
    </action>
    <action>
      <name>back</name>
      <file>back.wav</file>
    </action>
    <action>
      <name>previous</name>
      <file>back.wav</file>
    </action>
    <action>
      <name>stepback</name>
      <file>back.wav</file>
    </action>
    <action>
      <name>bigstepback</name>
      <file>back.wav</file>
    </action>
    <action>
      <name>smallstepback</name>
      <file>back.wav</file>
    </action>
    <action>
      <name>rewind</name>
      <file>back.wav</file>
    </action>

  <!--Cursor-->
    <action>
      <name>left</name>
      <file>cursor.wav</file>
    </action>
    <action>
      <name>right</name>
      <file>cursor.wav</file>
    </action>
    <action>
      <name>up</name>
      <file>cursor.wav</file>
    </action>
    <action>
      <name>down</name>
      <file>cursor.wav</file>
    </action>
    <action>
      <name>pagedown</name>
      <file>cursor.wav</file>
    </action>
    <action>
      <name>pageup</name>
      <file>cursor.wav</file>
    </action>
    <action>
      <name>pause</name>
      <file>cursor.wav</file>
    </action>
    <action>
      <name>firstpage</name>
      <file>cursor.wav</file>
    </action>

  <!--Notify-->
  
  <!--Select-->
    <action>
      <name>select</name>
      <file>select.wav</file>
    </action>
    <action>
      <name>next</name>
      <file>select.wav</file>
    </action>
    <action>
      <name>stepforward</name>
      <file>select.wav</file>
    </action>
    <action>
      <name>bigstepforward</name>
      <file>select.wav</file>
    </action>
    <action>
      <name>fastforward</name>
      <file>select.wav</file>
    </action>
    <action>
      <name>contextmenu</name>
      <file>select.wav</file>
    </action>
    <action>
      <name>info</name>
      <file>select.wav</file>
    </action>
    <action>
      <name>play</name>
      <file>select.wav</file>
    </action>
    <action>
      <name>playnext</name>
      <file>select.wav</file>
    </action>
	
  <!--Thumb_dn-->

  <!--Thumb_up-->

  <!--Woops-->  
	
 </actions>
  
 <windows>
    <window>
      <name>yesnodialog</name>
      <activate>notify.wav</activate>
    </window>
	<window>
	  <name>shutdownmenu</name>
	  <activate>notify.wav</activate>
	</window>
 </windows>

</sounds>
